Name,Links,Cost,Cuisines,Timings,Cost_clean,cuisine_primary,_mkey,num_reviews,avg_sentiment,level_1,sentiment_score,pct_positive,pct_negative,avg_rating,num_cuisines,cuisine_north indian,cuisine_chinese,cuisine_continental,cuisine_biryani,cuisine_asian,cuisine_italian,cuisine_fast food,cuisine_desserts,cuisine_south indian,cuisine_kebab,is_open_late,price_per_star,sentiment_rating_gap,popularity_score,value_score,review_engagement,cuisine_diversity,kmeans_cluster,hierarchical_cluster
Beyond Flavours,https://www.zomato.com/hyderabad/beyond-flavours-gachibowli,800,"Chinese, Continental, Kebab, European, South Indian, North Indian","12noon to 3:30pm, 6:30pm to 11:30pm (Mon-Sun)",800,Chinese,beyond flavours,100,0.0,pct_positive,0.0,0,0,4.28,6,1,1,1,0,0,0,0,0,1,1,1,186.91584417854105,-1.7800000000000002,214.0,0.6401568016038246,0.12484394506866417,25.68,0,4
Beyond Flavours,https://www.zomato.com/hyderabad/beyond-flavours-gachibowli,800,"Chinese, Continental, Kebab, European, South Indian, North Indian","12noon to 3:30pm, 6:30pm to 11:30pm (Mon-Sun)",800,Chinese,beyond flavours,100,0.0,pct_negative,0.0,0,0,4.28,6,1,1,1,0,0,0,0,0,1,1,1,186.91584417854105,-1.7800000000000002,214.0,0.6401568016038246,0.12484394506866417,25.68,0,4
Paradise,https://www.zomato.com/hyderabad/paradise-gachibowli,800,"Biryani, North Indian, Chinese",11 AM to 11 PM,800,Biryani,paradise,100,0.0,pct_positive,0.0,0,0,4.7,3,1,1,0,1,0,0,0,0,0,0,0,170.2127297419724,-2.2,235.0,0.7029759269948541,0.12484394506866417,14.100000000000001,4,2
Paradise,https://www.zomato.com/hyderabad/paradise-gachibowli,800,"Biryani, North Indian, Chinese",11 AM to 11 PM,800,Biryani,paradise,100,0.0,pct_negative,0.0,0,0,4.7,3,1,1,0,1,0,0,0,0,0,0,0,170.2127297419724,-2.2,235.0,0.7029759269948541,0.12484394506866417,14.100000000000001,4,2
Flechazo,https://www.zomato.com/hyderabad/flechazo-gachibowli,1300,"Asian, Mediterranean, North Indian, Desserts","11:30 AM to 4:30 PM, 6:30 PM to 11 PM",1300,Asian,flechazo,100,0.004215,pct_positive,0.01,0,0,4.66,4,1,0,0,0,1,0,0,1,0,0,1,278.9698972167602,-2.1494625,233.98209500000002,0.649849647517737,0.07686395080707148,18.64,4,2
Flechazo,https://www.zomato.com/hyderabad/flechazo-gachibowli,1300,"Asian, Mediterranean, North Indian, Desserts","11:30 AM to 4:30 PM, 6:30 PM to 11 PM",1300,Asian,flechazo,100,0.004215,pct_negative,0.0,0,0,4.66,4,1,0,0,0,1,0,0,1,0,0,1,278.9698972167602,-2.1494625,233.98209500000002,0.649849647517737,0.07686395080707148,18.64,4,2
Shah Ghouse Hotel & Restaurant,https://www.zomato.com/hyderabad/shah-ghouse-hotel-restaurant-gachibowli,800,"Biryani, North Indian, Chinese, Seafood, Beverages",12 Noon to 2 AM,800,Biryani,shah ghouse hotel restaurant,100,0.009259,pct_positive,0.02,0,0,3.21,5,1,1,0,1,0,0,0,0,0,0,0,249.22110616164917,-0.6868525000000001,161.98606949999999,0.4801176012028684,0.12484394506866417,16.05,2,1
Shah Ghouse Hotel & Restaurant,https://www.zomato.com/hyderabad/shah-ghouse-hotel-restaurant-gachibowli,800,"Biryani, North Indian, Chinese, Seafood, Beverages",12 Noon to 2 AM,800,Biryani,shah ghouse hotel restaurant,100,0.009259,pct_negative,0.0,0,0,3.21,5,1,1,0,1,0,0,0,0,0,0,0,249.22110616164917,-0.6868525000000001,161.98606949999999,0.4801176012028684,0.12484394506866417,16.05,2,1
Over The Moon Brew Company,https://www.zomato.com/hyderabad/over-the-moon-brew-company-gachibowli,1200,"Asian, Continental, North Indian, Chinese, Mediterranean","12noon to 11pm (Mon, Tue, Wed, Thu, Sun), 12noon to 12midnight (Fri-Sat)",1200,Asian,over the moon brew company,100,0.0,pct_positive,0.0,0,0,4.34,5,1,1,1,0,1,0,0,0,0,0,0,276.4976321434027,-1.8399999999999999,217.0,0.6120511326254338,0.08326394671107411,21.7,1,2
Over The Moon Brew Company,https://www.zomato.com/hyderabad/over-the-moon-brew-company-gachibowli,1200,"Asian, Continental, North Indian, Chinese, Mediterranean","12noon to 11pm (Mon, Tue, Wed, Thu, Sun), 12noon to 12midnight (Fri-Sat)",1200,Asian,over the moon brew company,100,0.0,pct_negative,0.0,0,0,4.34,5,1,1,1,0,1,0,0,0,0,0,0,276.4976321434027,-1.8399999999999999,217.0,0.6120511326254338,0.08326394671107411,21.7,1,2
The Fisherman's Wharf,https://www.zomato.com/hyderabad/the-fishermans-wharf-gachibowli,1500,"Seafood, Goan, North Indian, Continental, Asian","12Noon to 3:30PM, 4PM to 6:30PM, 7PM to 11:30PM (Mon, Tue, Wed, Thu, Sun), 12Noon to 3:30PM, 4PM to 6:30PM, 7PM to 12Midnight (Fri-Sat)",1500,Seafood,the fishermans wharf,100,0.0,pct_positive,0.0,0,0,4.22,5,1,0,1,0,1,0,0,0,0,0,1,355.45015273693065,-1.7199999999999998,211.0,0.5769845118143571,0.06662225183211193,21.099999999999998,1,2
The Fisherman's Wharf,https://www.zomato.com/hyderabad/the-fishermans-wharf-gachibowli,1500,"Seafood, Goan, North Indian, Continental, Asian","12Noon to 3:30PM, 4PM to 6:30PM, 7PM to 11:30PM (Mon, Tue, Wed, Thu, Sun), 12Noon to 3:30PM, 4PM to 6:30PM, 7PM to 12Midnight (Fri-Sat)",1500,Seafood,the fishermans wharf,100,0.0,pct_negative,0.0,0,0,4.22,5,1,0,1,0,1,0,0,0,0,0,1,355.45015273693065,-1.7199999999999998,211.0,0.5769845118143571,0.06662225183211193,21.099999999999998,1,2
eat.fit,https://www.zomato.com/hyderabad/eat-fit-gachibowli,500,"Healthy Food, North Indian, Continental, South Indian",7 AM to 10 PM,500,Healthy Food,eatfit,100,0.0,pct_positive,0.0,0,0,3.2,4,1,0,1,0,0,0,0,0,1,0,0,156.24995117189025,-0.7000000000000002,160.0,0.514750240439285,0.1996007984031936,12.8,2,1
eat.fit,https://www.zomato.com/hyderabad/eat-fit-gachibowli,500,"Healthy Food, North Indian, Continental, South Indian",7 AM to 10 PM,500,Healthy Food,eatfit,100,0.0,pct_negative,0.0,0,0,3.2,4,1,0,1,0,0,0,0,0,1,0,0,156.24995117189025,-0.7000000000000002,160.0,0.514750240439285,0.1996007984031936,12.8,2,1
Shah Ghouse Spl Shawarma,https://www.zomato.com/hyderabad/shah-ghouse-spl-shawarma-gachibowli,300,Lebanese,12 Noon to 12 Midnight,300,Lebanese,shah ghouse spl shawarma,100,0.0,pct_positive,0.0,0,0,3.43,1,0,0,0,0,0,0,0,0,0,0,0,87.46353135174013,-0.9300000000000002,171.5,0.601004578478448,0.33222591362126247,3.43,3,3
Shah Ghouse Spl Shawarma,https://www.zomato.com/hyderabad/shah-ghouse-spl-shawarma-gachibowli,300,Lebanese,12 Noon to 12 Midnight,300,Lebanese,shah ghouse spl shawarma,100,0.0,pct_negative,0.0,0,0,3.43,1,0,0,0,0,0,0,0,0,0,0,0,87.46353135174013,-0.9300000000000002,171.5,0.601004578478448,0.33222591362126247,3.43,3,3
Hyper Local,https://www.zomato.com/hyderabad/hyper-local-gachibowli,1000,"American, Chinese, North Indian, Kebab, South Indian",12 Noon to 12 Midnight,1000,American,hyper local,100,0.0022469999999999994,pct_positive,0.01,0,0,3.64,5,1,1,0,0,0,0,0,0,1,1,0,274.7251992513189,-1.1343824999999996,182.40895400000002,0.5268676613085878,0.0999000999000999,18.2,0,4
Hyper Local,https://www.zomato.com/hyderabad/hyper-local-gachibowli,1000,"American, Chinese, North Indian, Kebab, South Indian",12 Noon to 12 Midnight,1000,American,hyper local,100,0.0022469999999999994,pct_negative,0.01,0,0,3.64,5,1,1,0,0,0,0,0,0,1,1,0,274.7251992513189,-1.1343824999999996,182.40895400000002,0.5268676613085878,0.0999000999000999,18.2,0,4
Cream Stone,https://www.zomato.com/hyderabad/cream-stone-gachibowli,350,"Ice Cream, Desserts","10 AM to 1 AM (Mon-Thu), 10 AM to 1:30 AM (Fri-Sun)",350,Ice Cream,cream stone,100,0.004215,pct_positive,0.01,0,0,3.845,2,0,0,0,0,0,0,0,1,0,0,0,91.0272845182615,-1.3344624999999999,193.06033375,0.6560552112530372,0.2849002849002849,7.69,3,0
Cream Stone,https://www.zomato.com/hyderabad/cream-stone-gachibowli,350,"Ice Cream, Desserts","10 AM to 1 AM (Mon-Thu), 10 AM to 1:30 AM (Fri-Sun)",350,Ice Cream,cream stone,100,0.004215,pct_negative,0.0,0,0,3.845,2,0,0,0,0,0,0,0,1,0,0,0,91.0272845182615,-1.3344624999999999,193.06033375,0.6560552112530372,0.2849002849002849,7.69,3,0
Sardarji's Chaats & More,https://www.zomato.com/hyderabad/sardarjis-chaats-more-gachibowli,400,"Street Food, North Indian, Fast Food","12 Noon to 3:30 PM, 7 PM to 10:30 PM",400,Street Food,sardarjis chaats more,100,0.005994,pct_positive,0.01,0,0,3.25,3,1,0,0,0,0,0,1,0,0,0,1,123.07688520711224,-0.7350149999999998,163.474025,0.5422122743369299,0.24937655860349128,9.75,3,3
Sardarji's Chaats & More,https://www.zomato.com/hyderabad/sardarjis-chaats-more-gachibowli,400,"Street Food, North Indian, Fast Food","12 Noon to 3:30 PM, 7 PM to 10:30 PM",400,Street Food,sardarjis chaats more,100,0.005994,pct_negative,0.0,0,0,3.25,3,1,0,0,0,0,0,1,0,0,0,1,123.07688520711224,-0.7350149999999998,163.474025,0.5422122743369299,0.24937655860349128,9.75,3,3
Barbeque Nation,https://www.zomato.com/hyderabad/barbeque-nation-gachibowli,1600,"Mediterranean, North Indian, Kebab, BBQ","12 Noon to 3:30 PM, 6:30 PM to 11:30 PM",1600,Mediterranean,barbeque nation,100,0.0,pct_positive,0.0,0,0,4.12,4,1,0,0,0,0,0,0,0,0,1,1,388.34942030353875,-1.62,206.0,0.5583877989911251,0.06246096189881324,16.48,0,4
Barbeque Nation,https://www.zomato.com/hyderabad/barbeque-nation-gachibowli,1600,"Mediterranean, North Indian, Kebab, BBQ","12 Noon to 3:30 PM, 6:30 PM to 11:30 PM",1600,Mediterranean,barbeque nation,100,0.0,pct_negative,0.0,0,0,4.12,4,1,0,0,0,0,0,0,0,0,1,1,388.34942030353875,-1.62,206.0,0.5583877989911251,0.06246096189881324,16.48,0,4
Absolute Sizzlers,https://www.zomato.com/hyderabad/absolute-sizzlers-gachibowli,750,"Continental, American, Chinese",11:30 AM to 1 AM,750,Continental,absolute sizzlers,100,0.0,pct_positive,0.0,0,0,3.62,3,0,1,1,0,0,0,0,0,0,0,0,207.18226320931953,-1.12,181.0,0.5467116264541051,0.13315579227696406,10.86,4,3
Absolute Sizzlers,https://www.zomato.com/hyderabad/absolute-sizzlers-gachibowli,750,"Continental, American, Chinese",11:30 AM to 1 AM,750,Continental,absolute sizzlers,100,0.0,pct_negative,0.0,0,0,3.62,3,0,1,1,0,0,0,0,0,0,0,0,207.18226320931953,-1.12,181.0,0.5467116264541051,0.13315579227696406,10.86,4,3
The Lal Street - Bar Exchange,https://www.zomato.com/hyderabad/the-lal-street-bar-exchange-gachibowli,1300,"North Indian, Italian, Finger Food",12noon to 12midnight (Mon-Sun),1300,North Indian,the lal street bar exchange,100,0.0,pct_positive,0.0,0,0,3.45,3,1,0,0,0,0,1,0,0,0,0,0,376.81148498217823,-0.9500000000000002,172.5,0.48111186350562074,0.07686395080707148,10.350000000000001,1,1
The Lal Street - Bar Exchange,https://www.zomato.com/hyderabad/the-lal-street-bar-exchange-gachibowli,1300,"North Indian, Italian, Finger Food",12noon to 12midnight (Mon-Sun),1300,North Indian,the lal street bar exchange,100,0.0,pct_negative,0.0,0,0,3.45,3,1,0,0,0,0,1,0,0,0,0,0,376.81148498217823,-0.9500000000000002,172.5,0.48111186350562074,0.07686395080707148,10.350000000000001,1,1
AB's - Absolute Barbecues,https://www.zomato.com/hyderabad/abs-absolute-barbecues-gachibowli,1500,"European, Mediterranean, North Indian","12 Noon to 4:30 PM, 6:30 PM to 11:30 PM",1500,European,abs absolute barbecues,100,0.005266999999999999,pct_positive,0.01,0,0,4.88,3,1,0,0,0,0,0,0,0,0,0,1,307.37698619324055,-2.3668325,245.285148,0.6672237956526215,0.06662225183211193,14.64,4,2
AB's - Absolute Barbecues,https://www.zomato.com/hyderabad/abs-absolute-barbecues-gachibowli,1500,"European, Mediterranean, North Indian","12 Noon to 4:30 PM, 6:30 PM to 11:30 PM",1500,European,abs absolute barbecues,100,0.005266999999999999,pct_negative,0.0,0,0,4.88,3,1,0,0,0,0,0,0,0,0,0,1,307.37698619324055,-2.3668325,245.285148,0.6672237956526215,0.06662225183211193,14.64,4,2
KFC,https://www.zomato.com/hyderabad/kfc-gachibowli,500,"Burger, Fast Food",11 AM to 11 PM,500,Burger,kfc,100,0.0,pct_positive,0.0,0,0,2.85,2,0,0,0,0,0,0,1,0,0,0,0,175.43853493384736,-0.3500000000000001,142.5,0.45844943289123813,0.1996007984031936,5.7,3,3
KFC,https://www.zomato.com/hyderabad/kfc-gachibowli,500,"Burger, Fast Food",11 AM to 11 PM,500,Burger,kfc,100,0.0,pct_negative,0.0,0,0,2.85,2,0,0,0,0,0,0,1,0,0,0,0,175.43853493384736,-0.3500000000000001,142.5,0.45844943289123813,0.1996007984031936,5.7,3,3
NorFest - The Dhaba,https://www.zomato.com/hyderabad/norfest-the-dhaba-gachibowli,550,North Indian,12 Noon to 10:30 PM,550,North Indian,norfest the dhaba,100,0.006672,pct_positive,0.03,0,0,4.03,1,1,0,0,0,0,0,0,0,0,0,1,136.47639293389753,-1.5133200000000002,202.84440800000002,0.6384931375226331,0.18148820326678766,4.03,4,3
NorFest - The Dhaba,https://www.zomato.com/hyderabad/norfest-the-dhaba-gachibowli,550,North Indian,12 Noon to 10:30 PM,550,North Indian,norfest the dhaba,100,0.006672,pct_negative,0.01,0,0,4.03,1,1,0,0,0,0,0,0,0,0,0,1,136.47639293389753,-1.5133200000000002,202.84440800000002,0.6384931375226331,0.18148820326678766,4.03,4,3
Hotel Zara Hi-Fi,https://www.zomato.com/hyderabad/hotel-zara-gachibowli,400,"Chinese, North Indian",11:30 AM to 1 AM,400,Chinese,hotel zara hifi,100,0.0,pct_positive,0.0,0,0,2.4,2,1,1,0,0,0,0,0,0,0,0,0,166.66659722225114,0.10000000000000009,120.0,0.400402910279579,0.24937655860349128,4.8,2,3
Hotel Zara Hi-Fi,https://www.zomato.com/hyderabad/hotel-zara-gachibowli,400,"Chinese, North Indian",11:30 AM to 1 AM,400,Chinese,hotel zara hifi,100,0.0,pct_negative,0.0,0,0,2.4,2,1,1,0,0,0,0,0,0,0,0,0,166.66659722225114,0.10000000000000009,120.0,0.400402910279579,0.24937655860349128,4.8,2,3
10 Downing Street,https://www.zomato.com/hyderabad/10-downing-street-gachibowli,1900,"North Indian, Chinese, Continental",12 Noon to 12 Midnight,1900,North Indian,10 downing street,100,0.009125,pct_positive,0.02,0,0,3.8,3,1,1,1,0,0,0,0,0,0,0,0,499.9998684210873,-1.2771874999999997,191.73375000000001,0.5033021693416954,0.052603892688058915,11.399999999999999,1,1
10 Downing Street,https://www.zomato.com/hyderabad/10-downing-street-gachibowli,1900,"North Indian, Chinese, Continental",12 Noon to 12 Midnight,1900,North Indian,10 downing street,100,0.009125,pct_negative,0.0,0,0,3.8,3,1,1,1,0,0,0,0,0,0,0,0,499.9998684210873,-1.2771874999999997,191.73375000000001,0.5033021693416954,0.052603892688058915,11.399999999999999,1,1
Pakwaan Grand,https://www.zomato.com/hyderabad/pakwaan-grand-gachibowli,400,"North Indian, Chinese, Biryani",12 Noon to 11 PM,400,North Indian,pakwaan grand,100,0.015253000000000001,pct_positive,0.03,0,0,2.71,3,1,1,0,1,0,0,0,0,0,0,0,147.60142154929093,-0.17186750000000028,137.5667815,0.45212161952402463,0.24937655860349128,8.129999999999999,2,3
Pakwaan Grand,https://www.zomato.com/hyderabad/pakwaan-grand-gachibowli,400,"North Indian, Chinese, Biryani",12 Noon to 11 PM,400,North Indian,pakwaan grand,100,0.015253000000000001,pct_negative,0.0,0,0,2.71,3,1,1,0,1,0,0,0,0,0,0,0,147.60142154929093,-0.17186750000000028,137.5667815,0.45212161952402463,0.24937655860349128,8.129999999999999,2,3
13 Dhaba,https://www.zomato.com/hyderabad/13-dhaba-gachibowli,450,North Indian,"12:30 PM to 10 PM (Tue-Sun), Mon Closed",450,North Indian,13 dhaba,100,0.011636,pct_positive,0.02,0,0,3.48,1,1,0,0,0,0,0,0,0,0,0,1,129.31030766945182,-0.9509099999999999,176.024664,0.5694212596187949,0.22172949002217296,3.48,3,3
13 Dhaba,https://www.zomato.com/hyderabad/13-dhaba-gachibowli,450,North Indian,"12:30 PM to 10 PM (Tue-Sun), Mon Closed",450,North Indian,13 dhaba,100,0.011636,pct_negative,0.0,0,0,3.48,1,1,0,0,0,0,0,0,0,0,0,1,129.31030766945182,-0.9509099999999999,176.024664,0.5694212596187949,0.22172949002217296,3.48,3,3
Jonathan's Kitchen - Holiday Inn Express & Suites,https://www.zomato.com/hyderabad/jonathans-kitchen-holiday-inn-express-suites-gachibowli,1900,"North Indian, Japanese, Italian, Salad, Sushi","11:30 AM to 3 PM, 7 PM to 11 PM",1900,North Indian,jonathans kitchen holiday inn express suites,100,-0.004404,pct_positive,0.0,0,0,3.535,5,1,0,0,0,0,1,0,0,0,0,1,537.4821676146626,-1.0460099999999999,175.971593,0.4682034654270772,0.052603892688058915,17.675,1,1
Jonathan's Kitchen - Holiday Inn Express & Suites,https://www.zomato.com/hyderabad/jonathans-kitchen-holiday-inn-express-suites-gachibowli,1900,"North Indian, Japanese, Italian, Salad, Sushi","11:30 AM to 3 PM, 7 PM to 11 PM",1900,North Indian,jonathans kitchen holiday inn express suites,100,-0.004404,pct_negative,0.01,0,0,3.535,5,1,0,0,0,0,1,0,0,0,0,1,537.4821676146626,-1.0460099999999999,175.971593,0.4682034654270772,0.052603892688058915,17.675,1,1
B-Dubs,https://www.zomato.com/hyderabad/b-dubs-gachibowli,1600,American,"11am to 11:30pm (Mon, Tue, Wed, Thu, Sun), 11am to 12midnight (Fri-Sat)",1600,American,bdubs,100,0.0,pct_positive,0.0,0,0,4.81,1,0,0,0,0,0,0,0,0,0,0,1,332.6402634843527,-2.3099999999999996,240.49999999999997,0.6519042022202213,0.06246096189881324,4.81,4,2
B-Dubs,https://www.zomato.com/hyderabad/b-dubs-gachibowli,1600,American,"11am to 11:30pm (Mon, Tue, Wed, Thu, Sun), 11am to 12midnight (Fri-Sat)",1600,American,bdubs,100,0.0,pct_negative,0.0,0,0,4.81,1,0,0,0,0,0,0,0,0,0,0,1,332.6402634843527,-2.3099999999999996,240.49999999999997,0.6519042022202213,0.06246096189881324,4.81,4,2
Amul,https://www.zomato.com/hyderabad/amul-gachibowli,150,"Ice Cream, Desserts",10 AM to 5 AM,150,Ice Cream,amul,99,0.005776767676767676,pct_positive,0.010101010101010102,0,0,3.9292929292929295,2,0,0,0,0,0,0,0,1,0,0,0,38.17479748250655,-1.4148510101010103,195.62358131313133,0.7831518818841576,0.6556291390728477,7.858585858585859,3,0
Amul,https://www.zomato.com/hyderabad/amul-gachibowli,150,"Ice Cream, Desserts",10 AM to 5 AM,150,Ice Cream,amul,99,0.005776767676767676,pct_negative,0.0,0,0,3.9292929292929295,2,0,0,0,0,0,0,0,1,0,0,0,38.17479748250655,-1.4148510101010103,195.62358131313133,0.7831518818841576,0.6556291390728477,7.858585858585859,3,0
SKYHY,https://www.zomato.com/hyderabad/skyhy-gachibowli,1400,"North Indian, Chinese, Continental","12 Noon to 12 Midnight (Mon-Thu, Sun), 12 Noon to 1 AM (Fri-Sat)",1400,North Indian,skyhy,100,0.0,pct_positive,0.0,0,0,3.37,3,1,1,1,0,0,0,0,0,0,0,0,415.43014378927484,-0.8700000000000001,168.5,0.46515206689994376,0.07137758743754462,10.11,1,1
SKYHY,https://www.zomato.com/hyderabad/skyhy-gachibowli,1400,"North Indian, Chinese, Continental","12 Noon to 12 Midnight (Mon-Thu, Sun), 12 Noon to 1 AM (Fri-Sat)",1400,North Indian,skyhy,100,0.0,pct_negative,0.0,0,0,3.37,3,1,1,1,0,0,0,0,0,0,0,0,415.43014378927484,-0.8700000000000001,168.5,0.46515206689994376,0.07137758743754462,10.11,1,1
Tiki Shack,https://www.zomato.com/hyderabad/tiki-shack-gachibowli,1000,Continental,"12Noon to 11PM (Mon-Thu),12Noon to 11:30PM (Fri-Sun)",1000,Continental,tiki shack,100,0.0,pct_positive,0.0,0,0,3.48,1,0,0,1,0,0,0,0,0,0,0,1,287.3562392654485,-0.98,174.0,0.5037086432290894,0.0999000999000999,3.48,4,3
Tiki Shack,https://www.zomato.com/hyderabad/tiki-shack-gachibowli,1000,Continental,"12Noon to 11PM (Mon-Thu),12Noon to 11:30PM (Fri-Sun)",1000,Continental,tiki shack,100,0.0,pct_negative,0.0,0,0,3.48,1,0,0,1,0,0,0,0,0,0,0,1,287.3562392654485,-0.98,174.0,0.5037086432290894,0.0999000999000999,3.48,4,3
Mustang Terrace Lounge,https://www.zomato.com/hyderabad/mustang-terrace-lounge-gachibowli,1300,"Mexican, Italian, North Indian, Chinese, Salad","12 Noon to 11:30 PM (Mon-Wed), 12 Noon to 1 AM (Fri-Sat), 12 Noon to 12 Midnight (Sun), Thu Closed",1300,Mexican,mustang terrace lounge,100,0.0,pct_positive,0.0,0,0,3.31,5,1,1,0,0,0,1,0,0,0,0,1,392.7491260576658,-0.81,165.5,0.4615884835372767,0.07686395080707148,16.55,1,1
Mustang Terrace Lounge,https://www.zomato.com/hyderabad/mustang-terrace-lounge-gachibowli,1300,"Mexican, Italian, North Indian, Chinese, Salad","12 Noon to 11:30 PM (Mon-Wed), 12 Noon to 1 AM (Fri-Sat), 12 Noon to 12 Midnight (Sun), Thu Closed",1300,Mexican,mustang terrace lounge,100,0.0,pct_negative,0.0,0,0,3.31,5,1,1,0,0,0,1,0,0,0,0,1,392.7491260576658,-0.81,165.5,0.4615884835372767,0.07686395080707148,16.55,1,1
"3B's - Buddies, Bar & Barbecue",https://www.zomato.com/hyderabad/3bs-buddies-bar-barbecue-gachibowli,1100,"North Indian, Mediterranean, European","12 Noon to 4 PM, 6:30 PM to 11:30 PM",1100,North Indian,3bs buddies bar barbecue,100,0.0,pct_positive,0.0,0,0,4.76,3,1,0,0,0,0,0,0,0,0,0,1,231.09238842596884,-2.26,238.0,0.6796140630258308,0.09082652134423251,14.28,4,2
"3B's - Buddies, Bar & Barbecue",https://www.zomato.com/hyderabad/3bs-buddies-bar-barbecue-gachibowli,1100,"North Indian, Mediterranean, European","12 Noon to 4 PM, 6:30 PM to 11:30 PM",1100,North Indian,3bs buddies bar barbecue,100,0.0,pct_negative,0.0,0,0,4.76,3,1,0,0,0,0,0,0,0,0,0,1,231.09238842596884,-2.26,238.0,0.6796140630258308,0.09082652134423251,14.28,4,2
Behrouz Biryani,https://www.zomato.com/hyderabad/behrouz-biryani-gachibowli,600,"Mughlai, Biryani",10 AM to 1 AM,600,Mughlai,behrouz biryani,100,0.0,pct_positive,0.0,0,0,2.825,2,0,0,0,1,0,0,0,0,0,0,0,212.38930534891844,-0.3250000000000002,141.25,0.44150310926067365,0.16638935108153077,5.65,2,3
Behrouz Biryani,https://www.zomato.com/hyderabad/behrouz-biryani-gachibowli,600,"Mughlai, Biryani",10 AM to 1 AM,600,Mughlai,behrouz biryani,100,0.0,pct_negative,0.0,0,0,2.825,2,0,0,0,1,0,0,0,0,0,0,0,212.38930534891844,-0.3250000000000002,141.25,0.44150310926067365,0.16638935108153077,5.65,2,3
Hunger Maggi Point,https://www.zomato.com/hyderabad/hunger-maggi-point-gachibowli,200,Fast Food,4:30 PM to 5:30 AM,200,Fast Food,hunger maggi point,100,0.006625,pct_positive,0.01,0,0,3.12,1,0,0,0,0,0,0,1,0,0,0,0,64.10254355687707,-0.6034375000000001,157.0335,0.5883122818275949,0.4975124378109453,3.12,3,3
Hunger Maggi Point,https://www.zomato.com/hyderabad/hunger-maggi-point-gachibowli,200,Fast Food,4:30 PM to 5:30 AM,200,Fast Food,hunger maggi point,100,0.006625,pct_negative,0.0,0,0,3.12,1,0,0,0,0,0,0,1,0,0,0,0,64.10254355687707,-0.6034375000000001,157.0335,0.5883122818275949,0.4975124378109453,3.12,3,3
Pot Pourri,https://www.zomato.com/hyderabad/pot-pourri-gachibowli,900,"Andhra, South Indian, North Indian",,900,Andhra,pot pourri,100,0.012484,pct_positive,0.02,0,0,3.32,3,1,0,0,0,0,0,0,0,1,0,0,271.08425569751336,-0.7887900000000001,168.072344,0.4879836769882081,0.11098779134295228,9.959999999999999,2,1
Pot Pourri,https://www.zomato.com/hyderabad/pot-pourri-gachibowli,900,"Andhra, South Indian, North Indian",,900,Andhra,pot pourri,100,0.012484,pct_negative,0.0,0,0,3.32,3,1,0,0,0,0,0,0,0,1,0,0,271.08425569751336,-0.7887900000000001,168.072344,0.4879836769882081,0.11098779134295228,9.959999999999999,2,1
Pista House,https://www.zomato.com/hyderabad/pista-house-2-gachibowli,1000,"Bakery, North Indian, Mughlai, Juices, Chinese",11 AM to 12 Midnight,1000,Bakery,pista house,100,0.005994,pct_positive,0.01,0,0,3.23,5,1,1,0,0,0,0,0,0,0,0,0,309.59742736921754,-0.7150149999999997,162.468031,0.4675226774798732,0.0999000999000999,16.15,2,1
Pista House,https://www.zomato.com/hyderabad/pista-house-2-gachibowli,1000,"Bakery, North Indian, Mughlai, Juices, Chinese",11 AM to 12 Midnight,1000,Bakery,pista house,100,0.005994,pct_negative,0.0,0,0,3.23,5,1,1,0,0,0,0,0,0,0,0,0,309.59742736921754,-0.7150149999999997,162.468031,0.4675226774798732,0.0999000999000999,16.15,2,1
Marsala Food Company,https://www.zomato.com/hyderabad/marsala-food-company-gachibowli,700,"Arabian, North Indian, Chinese","12noon to 4pm, 7pm to 12midnight (Mon-Sun)",700,Arabian,marsala food company,100,0.0,pct_positive,0.0,0,0,3.46,3,1,1,0,0,0,0,0,0,0,0,0,202.3120802566242,-0.96,173.0,0.5280420156081407,0.14265335235378032,10.379999999999999,2,3
Marsala Food Company,https://www.zomato.com/hyderabad/marsala-food-company-gachibowli,700,"Arabian, North Indian, Chinese","12noon to 4pm, 7pm to 12midnight (Mon-Sun)",700,Arabian,marsala food company,100,0.0,pct_negative,0.0,0,0,3.46,3,1,1,0,0,0,0,0,0,0,0,0,202.3120802566242,-0.96,173.0,0.5280420156081407,0.14265335235378032,10.379999999999999,2,3
Club Rogue,https://www.zomato.com/hyderabad/club-rogue-gachibowli,900,"North Indian, Fast Food",11 AM to 12 Midnight,900,North Indian,club rogue,100,0.0,pct_positive,0.0,0,0,2.88,2,1,0,0,0,0,0,1,0,0,0,0,312.49989149309323,-0.3799999999999999,144.0,0.4233111414837468,0.11098779134295228,5.76,3,3
Club Rogue,https://www.zomato.com/hyderabad/club-rogue-gachibowli,900,"North Indian, Fast Food",11 AM to 12 Midnight,900,North Indian,club rogue,100,0.0,pct_negative,0.0,0,0,2.88,2,1,0,0,0,0,0,1,0,0,0,0,312.49989149309323,-0.3799999999999999,144.0,0.4233111414837468,0.11098779134295228,5.76,3,3
Mazzo - Marriott Executive Apartments,https://www.zomato.com/hyderabad/mazzo-marriott-executive-apartments-gachibowli,1700,"Italian, North Indian, South Indian, Asian",6am to 12midnight (Mon-Sun),1700,Italian,mazzo marriott executive apartments,100,0.008551,pct_positive,0.02,0,0,4.19,4,1,0,0,0,1,1,0,0,1,0,0,405.727826795268,-1.6686225000000006,211.29143450000004,0.5632498235419001,0.058788947677836566,16.76,1,2
Mazzo - Marriott Executive Apartments,https://www.zomato.com/hyderabad/mazzo-marriott-executive-apartments-gachibowli,1700,"Italian, North Indian, South Indian, Asian",6am to 12midnight (Mon-Sun),1700,Italian,mazzo marriott executive apartments,100,0.008551,pct_negative,0.0,0,0,4.19,4,1,0,0,0,1,1,0,0,1,0,0,405.727826795268,-1.6686225000000006,211.29143450000004,0.5632498235419001,0.058788947677836566,16.76,1,2
Green Bawarchi Restaurant,https://www.zomato.com/hyderabad/green-bawarchi-restaurant-gachibowli,700,"North Indian, Chinese, Biryani",12 Noon to 11 PM,700,North Indian,green bawarchi restaurant,100,0.002319,pct_positive,0.02,0,0,3.49,3,1,1,0,1,0,0,0,0,0,0,0,200.57300843180272,-0.9842025000000003,174.9046655,0.5326204145874021,0.14265335235378032,10.47,2,1
Green Bawarchi Restaurant,https://www.zomato.com/hyderabad/green-bawarchi-restaurant-gachibowli,700,"North Indian, Chinese, Biryani",12 Noon to 11 PM,700,North Indian,green bawarchi restaurant,100,0.002319,pct_negative,0.01,0,0,3.49,3,1,1,0,1,0,0,0,0,0,0,0,200.57300843180272,-0.9842025000000003,174.9046655,0.5326204145874021,0.14265335235378032,10.47,2,1
Banana Leaf Multicuisine Restaurant,https://www.zomato.com/hyderabad/banana-leaf-multicuisine-restaurant-gachibowli,700,"Biryani, South Indian, North Indian, Chinese, Andhra","12:30 PM to 3:30 PM, 7 PM to 10:40 PM",700,Biryani,banana leaf multicuisine restaurant,100,0.011107,pct_positive,0.03,0,0,3.69,5,1,1,0,1,0,0,0,0,1,0,1,189.70184560925594,-1.1622325,186.5492415,0.5631430744491444,0.14265335235378032,18.45,2,1
Banana Leaf Multicuisine Restaurant,https://www.zomato.com/hyderabad/banana-leaf-multicuisine-restaurant-gachibowli,700,"Biryani, South Indian, North Indian, Chinese, Andhra","12:30 PM to 3:30 PM, 7 PM to 10:40 PM",700,Biryani,banana leaf multicuisine restaurant,100,0.011107,pct_negative,0.01,0,0,3.69,5,1,1,0,1,0,0,0,0,1,0,1,189.70184560925594,-1.1622325,186.5492415,0.5631430744491444,0.14265335235378032,18.45,2,1
Kritunga Restaurant,https://www.zomato.com/hyderabad/kritunga-restaurant-gachibowli,500,"Andhra, Biryani, Hyderabadi, North Indian","12 Noon to 4 PM, 7 PM to 11 PM",500,Andhra,kritunga restaurant,100,0.0,pct_positive,0.0,0,0,3.47,4,1,0,0,1,0,0,0,0,0,0,0,144.0921774950497,-0.9700000000000002,173.5,0.5581822919763496,0.1996007984031936,13.88,2,1
Kritunga Restaurant,https://www.zomato.com/hyderabad/kritunga-restaurant-gachibowli,500,"Andhra, Biryani, Hyderabadi, North Indian","12 Noon to 4 PM, 7 PM to 11 PM",500,Andhra,kritunga restaurant,100,0.0,pct_negative,0.0,0,0,3.47,4,1,0,0,1,0,0,0,0,0,0,0,144.0921774950497,-0.9700000000000002,173.5,0.5581822919763496,0.1996007984031936,13.88,2,1
The Glass Onion,https://www.zomato.com/hyderabad/the-glass-onion-gachibowli,1200,"North Indian, Continental, Italian, Asian","12noon to 11pm (Mon, Tue, Wed, Thu, Sun), 12noon to 12midnight (Fri-Sat)",1200,North Indian,the glass onion,100,0.003612,pct_positive,0.01,0,0,3.83,4,1,0,1,0,1,1,0,0,0,0,0,313.3158450872467,-1.32097,192.191698,0.5401280732616156,0.08326394671107411,15.32,1,2
The Glass Onion,https://www.zomato.com/hyderabad/the-glass-onion-gachibowli,1200,"North Indian, Continental, Italian, Asian","12noon to 11pm (Mon, Tue, Wed, Thu, Sun), 12noon to 12midnight (Fri-Sat)",1200,North Indian,the glass onion,100,0.003612,pct_negative,0.0,0,0,3.83,4,1,0,1,0,1,1,0,0,0,0,0,313.3158450872467,-1.32097,192.191698,0.5401280732616156,0.08326394671107411,15.32,1,2
Deli 9 Bistro,https://www.zomato.com/hyderabad/deli-9-bistro-gachibowli,700,"Cafe, Continental, Desserts",12 Noon to 10:30 PM,700,Cafe,deli 9 bistro,100,-0.005574,pct_positive,0.0,0,0,3.82,3,0,0,1,0,0,0,0,1,0,0,1,183.24602532826563,-1.3339349999999999,189.93536600000002,0.5829828033592768,0.14265335235378032,11.459999999999999,4,0
Deli 9 Bistro,https://www.zomato.com/hyderabad/deli-9-bistro-gachibowli,700,"Cafe, Continental, Desserts",12 Noon to 10:30 PM,700,Cafe,deli 9 bistro,100,-0.005574,pct_negative,0.01,0,0,3.82,3,0,0,1,0,0,0,0,1,0,0,1,183.24602532826563,-1.3339349999999999,189.93536600000002,0.5829828033592768,0.14265335235378032,11.459999999999999,4,0
Frio Bistro,https://www.zomato.com/hyderabad/frio-bistro-gachibowli,1200,"European, Italian, Continental, Spanish",12noon to 11pm (Mon-Sun),1200,European,frio bistro,100,0.006625,pct_positive,0.01,0,0,3.61,4,0,0,1,0,0,1,0,0,0,0,0,332.4098802188697,-1.0934374999999998,181.69581250000002,0.5091024398105567,0.08326394671107411,14.44,1,1
Frio Bistro,https://www.zomato.com/hyderabad/frio-bistro-gachibowli,1200,"European, Italian, Continental, Spanish",12noon to 11pm (Mon-Sun),1200,European,frio bistro,100,0.006625,pct_negative,0.0,0,0,3.61,4,0,0,1,0,0,1,0,0,0,0,0,332.4098802188697,-1.0934374999999998,181.69581250000002,0.5091024398105567,0.08326394671107411,14.44,1,1
Karachi Bakery,https://www.zomato.com/hyderabad/karachi-bakery-gachibowli,500,"Bakery, Fast Food, Desserts",10 AM to 10 PM,500,Bakery,karachi bakery,100,0.004215,pct_positive,0.01,0,0,3.8,3,0,0,0,0,0,0,1,1,0,0,0,131.5789127423914,-1.2894624999999995,190.80085000000003,0.6112659105216508,0.1996007984031936,11.399999999999999,3,0
Karachi Bakery,https://www.zomato.com/hyderabad/karachi-bakery-gachibowli,500,"Bakery, Fast Food, Desserts",10 AM to 10 PM,500,Bakery,karachi bakery,100,0.004215,pct_negative,0.0,0,0,3.8,3,0,0,0,0,0,0,1,1,0,0,0,131.5789127423914,-1.2894624999999995,190.80085000000003,0.6112659105216508,0.1996007984031936,11.399999999999999,3,0
Karachi Cafe,https://www.zomato.com/hyderabad/karachi-cafe-gachibowli,600,"Cafe, Desserts, Fast Food",10 AM to 10 PM,600,Cafe,karachi cafe,100,0.0,pct_positive,0.0,0,0,3.715,3,0,0,0,0,0,0,1,1,0,0,0,161.507358948221,-1.2149999999999999,185.75,0.5805961242135939,0.16638935108153077,11.145,3,0
Karachi Cafe,https://www.zomato.com/hyderabad/karachi-cafe-gachibowli,600,"Cafe, Desserts, Fast Food",10 AM to 10 PM,600,Cafe,karachi cafe,100,0.0,pct_negative,0.0,0,0,3.715,3,0,0,0,0,0,0,1,1,0,0,0,161.507358948221,-1.2149999999999999,185.75,0.5805961242135939,0.16638935108153077,11.145,3,0
The Foodie Monster Kitchen,https://www.zomato.com/hyderabad/the-foodie-monster-kitchen-gachibowli,500,"American, Wraps, Desserts",7 AM to 1 AM,500,American,the foodie monster kitchen,100,0.003612,pct_positive,0.01,0,0,3.58,3,0,0,0,0,0,0,0,1,0,0,0,139.66476545676943,-1.07097,179.646548,0.57587683149145,0.1996007984031936,10.74,3,0
The Foodie Monster Kitchen,https://www.zomato.com/hyderabad/the-foodie-monster-kitchen-gachibowli,500,"American, Wraps, Desserts",7 AM to 1 AM,500,American,the foodie monster kitchen,100,0.003612,pct_negative,0.0,0,0,3.58,3,0,0,0,0,0,0,0,1,0,0,0,139.66476545676943,-1.07097,179.646548,0.57587683149145,0.1996007984031936,10.74,3,0
La La Land - Bar & Kitchen,https://www.zomato.com/hyderabad/la-la-land-bar-kitchen-gachibowli,1000,"Finger Food, North Indian, Kebab, Chinese",12 Noon to 11:30 PM,1000,Finger Food,la la land bar kitchen,100,0.004098000000000001,pct_positive,0.02,0,0,3.19,4,1,1,0,0,0,0,0,0,0,1,1,313.4795255550076,-0.6797550000000001,160.153631,0.4617329229599986,0.0999000999000999,12.76,0,4
La La Land - Bar & Kitchen,https://www.zomato.com/hyderabad/la-la-land-bar-kitchen-gachibowli,1000,"Finger Food, North Indian, Kebab, Chinese",12 Noon to 11:30 PM,1000,Finger Food,la la land bar kitchen,100,0.004098000000000001,pct_negative,0.01,0,0,3.19,4,1,1,0,0,0,0,0,0,0,1,1,313.4795255550076,-0.6797550000000001,160.153631,0.4617329229599986,0.0999000999000999,12.76,0,4
Owm Nom Nom,https://www.zomato.com/hyderabad/owm-nom-nom-gachibowli,900,"Chinese, Biryani, Andhra, North Indian",12Noon to 11:30PM (Mon-Sun),900,Chinese,owm nom nom,100,-0.004767,pct_positive,0.0,0,0,3.29,4,1,1,0,1,0,0,0,0,0,0,1,273.5561478552742,-0.8019175000000001,163.71582850000001,0.4835741859310858,0.11098779134295228,13.16,2,1
Owm Nom Nom,https://www.zomato.com/hyderabad/owm-nom-nom-gachibowli,900,"Chinese, Biryani, Andhra, North Indian",12Noon to 11:30PM (Mon-Sun),900,Chinese,owm nom nom,100,-0.004767,pct_negative,0.01,0,0,3.29,4,1,1,0,1,0,0,0,0,0,0,1,273.5561478552742,-0.8019175000000001,163.71582850000001,0.4835741859310858,0.11098779134295228,13.16,2,1
Ulavacharu,https://www.zomato.com/hyderabad/ulavacharu-gachibowli,1400,"Andhra, North Indian, Chinese",12 Noon to 11:30 PM,1400,Andhra,ulavacharu,100,0.011449,pct_positive,0.03,0,0,3.225,3,1,1,0,0,0,0,0,0,0,0,1,434.1083925245294,-0.6963775000000001,163.09615125000002,0.44513810556448624,0.07137758743754462,9.675,2,1
Ulavacharu,https://www.zomato.com/hyderabad/ulavacharu-gachibowli,1400,"Andhra, North Indian, Chinese",12 Noon to 11:30 PM,1400,Andhra,ulavacharu,100,0.011449,pct_negative,0.0,0,0,3.225,3,1,1,0,0,0,0,0,0,0,0,1,434.1083925245294,-0.6963775000000001,163.09615125000002,0.44513810556448624,0.07137758743754462,9.675,2,1
Shanghai Chef 2,https://www.zomato.com/hyderabad/shanghai-chef-2-gachibowli,800,"Chinese, Thai, Indonesian, Asian",12 Noon to 11 PM,800,Chinese,shanghai chef 2,100,-0.0011589999999999997,pct_positive,0.01,0,0,3.06,4,0,1,0,0,1,0,0,0,0,0,0,261.43782305953494,-0.5628975,152.822673,0.4576821992775007,0.12484394506866417,12.24,2,1
Shanghai Chef 2,https://www.zomato.com/hyderabad/shanghai-chef-2-gachibowli,800,"Chinese, Thai, Indonesian, Asian",12 Noon to 11 PM,800,Chinese,shanghai chef 2,100,-0.0011589999999999997,pct_negative,0.01,0,0,3.06,4,0,1,0,0,1,0,0,0,0,0,0,261.43782305953494,-0.5628975,152.822673,0.4576821992775007,0.12484394506866417,12.24,2,1
Udipi's Upahar,https://www.zomato.com/hyderabad/udipis-upahar-gachibowli,500,"South Indian, North Indian, Chinese",6 AM to 10:30 PM,500,South Indian,udipis upahar,100,0.007615,pct_positive,0.02,0,0,4.03,3,1,1,0,0,0,0,0,0,1,0,1,124.06944812172502,-1.5109625000000007,203.03442249999998,0.6482635840532245,0.1996007984031936,12.09,4,1
Udipi's Upahar,https://www.zomato.com/hyderabad/udipis-upahar-gachibowli,500,"South Indian, North Indian, Chinese",6 AM to 10:30 PM,500,South Indian,udipis upahar,100,0.007615,pct_negative,0.0,0,0,4.03,3,1,1,0,0,0,0,0,0,1,0,1,124.06944812172502,-1.5109625000000007,203.03442249999998,0.6482635840532245,0.1996007984031936,12.09,4,1
Mathura Vilas,https://www.zomato.com/hyderabad/mathura-vilas-gachibowli,500,"South Indian, North Indian, Chinese","11:30 AM to 3:30 PM, 6:45 PM to 11:30 PM",500,South Indian,mathura vilas,100,0.0,pct_positive,0.0,0,0,2.82,3,1,1,0,0,0,0,0,0,1,0,1,177.30490166492848,-0.31999999999999984,141.0,0.4536236493871198,0.1996007984031936,8.459999999999999,2,1
Mathura Vilas,https://www.zomato.com/hyderabad/mathura-vilas-gachibowli,500,"South Indian, North Indian, Chinese","11:30 AM to 3:30 PM, 6:45 PM to 11:30 PM",500,South Indian,mathura vilas,100,0.0,pct_negative,0.0,0,0,2.82,3,1,1,0,0,0,0,0,0,1,0,1,177.30490166492848,-0.31999999999999984,141.0,0.4536236493871198,0.1996007984031936,8.459999999999999,2,1
Gal Punjab Di,https://www.zomato.com/hyderabad/gal-punjab-di-gachibowli,800,"North Indian, Continental","11:55 AM to 4 PM, 7 PM to 11:15 PM",800,North Indian,gal punjab di,100,0.005306999999999999,pct_positive,0.02,0,0,3.61,2,1,0,1,0,0,0,0,0,0,0,1,221.60658681257982,-1.0967324999999999,181.4579135,0.5399453396705155,0.12484394506866417,7.22,4,3
Gal Punjab Di,https://www.zomato.com/hyderabad/gal-punjab-di-gachibowli,800,"North Indian, Continental","11:55 AM to 4 PM, 7 PM to 11:15 PM",800,North Indian,gal punjab di,100,0.005306999999999999,pct_negative,0.01,0,0,3.61,2,1,0,1,0,0,0,0,0,0,0,1,221.60658681257982,-1.0967324999999999,181.4579135,0.5399453396705155,0.12484394506866417,7.22,4,3
Hitech Bawarchi Food Zone,https://www.zomato.com/hyderabad/hitech-bawarchi-food-zone-gachibowli,500,"Biryani, North Indian, Chinese",12 Noon to 11 PM,500,Biryani,hitech bawarchi food zone,100,0.0,pct_positive,0.0,0,0,3.05,3,1,1,0,1,0,0,0,0,0,0,0,163.93437248053363,-0.5499999999999998,152.5,0.49062132291869337,0.1996007984031936,9.149999999999999,2,1
Hitech Bawarchi Food Zone,https://www.zomato.com/hyderabad/hitech-bawarchi-food-zone-gachibowli,500,"Biryani, North Indian, Chinese",12 Noon to 11 PM,500,Biryani,hitech bawarchi food zone,100,0.0,pct_negative,0.0,0,0,3.05,3,1,1,0,1,0,0,0,0,0,0,0,163.93437248053363,-0.5499999999999998,152.5,0.49062132291869337,0.1996007984031936,9.149999999999999,2,1
Biryanis And More,https://www.zomato.com/hyderabad/biryanis-and-more-gachibowli,500,"North Indian, Biryani, Chinese",11 AM to 11 PM,500,North Indian,biryanis and more,100,0.005859,pct_positive,0.01,0,0,3.74,3,1,1,0,1,0,0,0,0,0,0,0,133.68980382625566,-1.2253525,188.09563300000002,0.6016143435134143,0.1996007984031936,11.22,2,1
Biryanis And More,https://www.zomato.com/hyderabad/biryanis-and-more-gachibowli,500,"North Indian, Biryani, Chinese",11 AM to 11 PM,500,North Indian,biryanis and more,100,0.005859,pct_negative,0.0,0,0,3.74,3,1,1,0,1,0,0,0,0,0,0,0,133.68980382625566,-1.2253525,188.09563300000002,0.6016143435134143,0.1996007984031936,11.22,2,1
Diners Pavilion,https://www.zomato.com/hyderabad/diners-pavilion-gachibowli,1200,"Chinese, Continental, Italian","12noon to 4:30pm, 6:30pm to 11:30pm (Mon, Tue, Wed, Fri, Sat), Closed (Thu),12noon to 12midnight (Sun)",1200,Chinese,diners pavilion,100,-0.004404,pct_positive,0.01,0,0,3.32,3,0,1,1,0,0,1,0,0,0,0,1,361.4456742633511,-0.8310099999999996,165.268936,0.4682050138977973,0.08326394671107411,9.959999999999999,1,1
Diners Pavilion,https://www.zomato.com/hyderabad/diners-pavilion-gachibowli,1200,"Chinese, Continental, Italian","12noon to 4:30pm, 6:30pm to 11:30pm (Mon, Tue, Wed, Fri, Sat), Closed (Thu),12noon to 12midnight (Sun)",1200,Chinese,diners pavilion,100,-0.004404,pct_negative,0.02,0,0,3.32,3,0,1,1,0,0,1,0,0,0,0,1,361.4456742633511,-0.8310099999999996,165.268936,0.4682050138977973,0.08326394671107411,9.959999999999999,1,1
Asian Meal Box,https://www.zomato.com/hyderabad/asian-meal-box-gachibowli,200,Asian,"12noon to 12midnight (Mon, Tue, Wed, Thu, Sun), 12noon to 1am (Fri-Sat)",200,Asian,asian meal box,100,0.004019,pct_positive,0.01,0,0,2.58,1,0,0,0,0,1,0,0,0,0,0,0,77.51934979870163,-0.0699525000000003,129.518451,0.4864890022805112,0.4975124378109453,2.58,3,3
Asian Meal Box,https://www.zomato.com/hyderabad/asian-meal-box-gachibowli,200,Asian,"12noon to 12midnight (Mon, Tue, Wed, Thu, Sun), 12noon to 1am (Fri-Sat)",200,Asian,asian meal box,100,0.004019,pct_negative,0.0,0,0,2.58,1,0,0,0,0,1,0,0,0,0,0,0,77.51934979870163,-0.0699525000000003,129.518451,0.4864890022805112,0.4975124378109453,2.58,3,3
Cafe Eclat,https://www.zomato.com/hyderabad/cafe-eclat-gachibowli,700,"Cafe, Bakery",8 AM to 11:30 PM,700,Cafe,cafe eclat,100,0.0,pct_positive,0.0,0,0,3.59,2,0,0,0,0,0,0,0,0,0,0,1,194.98601810974426,-1.0899999999999999,179.5,0.5478817445182732,0.14265335235378032,7.18,4,3
Cafe Eclat,https://www.zomato.com/hyderabad/cafe-eclat-gachibowli,700,"Cafe, Bakery",8 AM to 11:30 PM,700,Cafe,cafe eclat,100,0.0,pct_negative,0.0,0,0,3.59,2,0,0,0,0,0,0,0,0,0,0,1,194.98601810974426,-1.0899999999999999,179.5,0.5478817445182732,0.14265335235378032,7.18,4,3
Feast - Sheraton Hyderabad Hotel,https://www.zomato.com/hyderabad/feast-sheraton-hyderabad-hotel-gachibowli,2500,"Modern Indian, Asian, Continental, Italian","6:30am to 10:30am, 12:30pm to 3pm, 7pm to 11pm (Mon),6:30am to 10:30am, 12:30pm to 3pm, 7:30pm to 11pm (Tue-Sat),6:30am to 10:30am, 12:30pm to 3:30pm, 7pm to 11pm (Sun)",2500,Modern Indian,feast sheraton hyderabad hotel,100,-0.004404,pct_positive,0.0,0,0,4.22,4,0,0,1,0,1,1,0,0,0,0,1,592.4169212282177,-1.7310099999999995,210.07075600000002,0.5393352446863191,0.03998400639744103,16.88,1,2
Feast - Sheraton Hyderabad Hotel,https://www.zomato.com/hyderabad/feast-sheraton-hyderabad-hotel-gachibowli,2500,"Modern Indian, Asian, Continental, Italian","6:30am to 10:30am, 12:30pm to 3pm, 7pm to 11pm (Mon),6:30am to 10:30am, 12:30pm to 3pm, 7:30pm to 11pm (Tue-Sat),6:30am to 10:30am, 12:30pm to 3:30pm, 7pm to 11pm (Sun)",2500,Modern Indian,feast sheraton hyderabad hotel,100,-0.004404,pct_negative,0.01,0,0,4.22,4,0,0,1,0,1,1,0,0,0,0,1,592.4169212282177,-1.7310099999999995,210.07075600000002,0.5393352446863191,0.03998400639744103,16.88,1,2
Being Hungry,https://www.zomato.com/hyderabad/being-hungry-gachibowli,450,"North Indian, Chinese","12 Noon to 3 PM, 7 PM to 11:30 PM",450,North Indian,being hungry,99,0.0,pct_positive,0.0,0,0,3.6464646464646466,2,1,1,0,0,0,0,0,0,0,0,1,123.4071683731034,-1.1464646464646466,180.5,0.5966593368233628,0.21951219512195122,7.292929292929293,4,3
Being Hungry,https://www.zomato.com/hyderabad/being-hungry-gachibowli,450,"North Indian, Chinese","12 Noon to 3 PM, 7 PM to 11:30 PM",450,North Indian,being hungry,99,0.0,pct_negative,0.0,0,0,3.6464646464646466,2,1,1,0,0,0,0,0,0,0,0,1,123.4071683731034,-1.1464646464646466,180.5,0.5966593368233628,0.21951219512195122,7.292929292929293,4,3
Tempteys,https://www.zomato.com/hyderabad/tempteys-gachibowli,350,"Desserts, Beverages",11:30 AM to 1 AM,350,Desserts,tempteys,100,0.006625,pct_positive,0.01,0,0,3.85,2,0,0,0,0,0,0,0,1,0,0,0,90.90906729634615,-1.3334375,193.7753125,0.6569083389659801,0.2849002849002849,7.7,3,0
Tempteys,https://www.zomato.com/hyderabad/tempteys-gachibowli,350,"Desserts, Beverages",11:30 AM to 1 AM,350,Desserts,tempteys,100,0.006625,pct_negative,0.0,0,0,3.85,2,0,0,0,0,0,0,0,1,0,0,0,90.90906729634615,-1.3334375,193.7753125,0.6569083389659801,0.2849002849002849,7.7,3,0
KS Bakers,https://www.zomato.com/hyderabad/ks-bakers-gachibowli,200,"Bakery, Desserts, Fast Food",9 AM to 10 PM,200,Bakery,ks bakers,100,0.019481,pct_positive,0.05,0,0,3.965,3,0,0,0,0,0,0,1,1,0,0,0,50.441349195120004,-1.4162974999999998,202.11210825,0.7476468581559018,0.4975124378109453,11.895,3,0
KS Bakers,https://www.zomato.com/hyderabad/ks-bakers-gachibowli,200,"Bakery, Desserts, Fast Food",9 AM to 10 PM,200,Bakery,ks bakers,100,0.019481,pct_negative,0.01,0,0,3.965,3,0,0,0,0,0,0,1,1,0,0,0,50.441349195120004,-1.4162974999999998,202.11210825,0.7476468581559018,0.4975124378109453,11.895,3,0
PourHouse7,https://www.zomato.com/hyderabad/pourhouse7-gachibowli,1200,"North Indian, Continental, Chinese, Italian","12 Noon to 12 Midnight (Mon-Thu, Sun), 12 Noon to 1 AM (Fri-Sat)",1200,North Indian,pourhouse7,100,0.013300999999999999,pct_positive,0.04,0,0,3.86,4,1,1,1,0,0,1,0,0,0,0,0,310.88074847649006,-1.3267474999999997,195.567093,0.5443588414594872,0.08326394671107411,15.44,1,1
PourHouse7,https://www.zomato.com/hyderabad/pourhouse7-gachibowli,1200,"North Indian, Continental, Chinese, Italian","12 Noon to 12 Midnight (Mon-Thu, Sun), 12 Noon to 1 AM (Fri-Sat)",1200,North Indian,pourhouse7,100,0.013300999999999999,pct_negative,0.01,0,0,3.86,4,1,1,1,0,0,1,0,0,0,0,0,310.88074847649006,-1.3267474999999997,195.567093,0.5443588414594872,0.08326394671107411,15.44,1,1
Prism Club & Kitchen,https://www.zomato.com/hyderabad/prism-club-kitchen-gachibowli,1200,"Kebab, Continental, Italian, North Indian",5pm to 12midnight (Mon-Sun),1200,Kebab,prism club kitchen,100,0.0071860000000000005,pct_positive,0.02,0,0,4.215,4,1,0,1,0,0,1,0,0,0,1,0,284.6974413529202,-1.697035,212.26444949999998,0.5944229318009685,0.08326394671107411,16.86,0,4
Prism Club & Kitchen,https://www.zomato.com/hyderabad/prism-club-kitchen-gachibowli,1200,"Kebab, Continental, Italian, North Indian",5pm to 12midnight (Mon-Sun),1200,Kebab,prism club kitchen,100,0.0071860000000000005,pct_negative,0.01,0,0,4.215,4,1,0,1,0,0,1,0,0,0,1,0,284.6974413529202,-1.697035,212.26444949999998,0.5944229318009685,0.08326394671107411,16.86,0,4
Shree Santosh Dhaba Family Restaurant,https://www.zomato.com/hyderabad/shree-santosh-dhaba-family-restaurant-gachibowli,500,"North Indian, Chinese, Fast Food",11 AM to 11:30 PM,500,North Indian,shree santosh dhaba family restaurant,100,-0.00018900000000000028,pct_positive,0.01,0,0,2.83,3,1,1,0,0,0,0,1,0,0,0,1,176.67838279915802,-0.33047249999999995,141.4732565,0.4552322438884926,0.1996007984031936,8.49,2,3
Shree Santosh Dhaba Family Restaurant,https://www.zomato.com/hyderabad/shree-santosh-dhaba-family-restaurant-gachibowli,500,"North Indian, Chinese, Fast Food",11 AM to 11:30 PM,500,North Indian,shree santosh dhaba family restaurant,100,-0.00018900000000000028,pct_negative,0.01,0,0,2.83,3,1,1,0,0,0,0,1,0,0,0,1,176.67838279915802,-0.33047249999999995,141.4732565,0.4552322438884926,0.1996007984031936,8.49,2,3
Dine O China,https://www.zomato.com/hyderabad/dine-o-china-gachibowli,850,"Chinese, Asian, Momos",11:30AM to 11PM (Mon-Sun),850,Chinese,dine o china,100,0.0,pct_positive,0.0,0,0,3.37,3,0,1,0,0,1,0,0,0,0,0,1,252.22544444348827,-0.8700000000000001,168.5,0.49952470087058465,0.11750881316098707,10.11,4,1
Dine O China,https://www.zomato.com/hyderabad/dine-o-china-gachibowli,850,"Chinese, Asian, Momos",11:30AM to 11PM (Mon-Sun),850,Chinese,dine o china,100,0.0,pct_negative,0.0,0,0,3.37,3,0,1,0,0,1,0,0,0,0,0,1,252.22544444348827,-0.8700000000000001,168.5,0.49952470087058465,0.11750881316098707,10.11,4,1
Hyderabad Chefs,https://www.zomato.com/hyderabad/hyderabad-chefs-gachibowli,600,"North Indian, Chinese",12 Noon to 10:30 PM,600,North Indian,hyderabad chefs,98,-0.004864285714285714,pct_positive,0.0,0,0,3.7857142857142856,2,1,1,0,0,0,0,0,0,0,0,1,158.49052417231437,-1.297875,184.59767499999998,0.5916476558992593,0.16306156405990016,7.571428571428571,4,3
Hyderabad Chefs,https://www.zomato.com/hyderabad/hyderabad-chefs-gachibowli,600,"North Indian, Chinese",12 Noon to 10:30 PM,600,North Indian,hyderabad chefs,98,-0.004864285714285714,pct_negative,0.01020408163265306,0,0,3.7857142857142856,2,1,1,0,0,0,0,0,0,0,0,1,158.49052417231437,-1.297875,184.59767499999998,0.5916476558992593,0.16306156405990016,7.571428571428571,4,3
Komatose - Holiday Inn Express & Suites,https://www.zomato.com/hyderabad/komatose-holiday-inn-express-suites-gachibowli,1500,"North Indian, Chinese, Japanese, Sushi",1 PM to 11 PM,1500,North Indian,komatose holiday inn express suites,100,0.010584,pct_positive,0.02,0,0,3.69,4,1,1,0,0,0,0,0,0,0,0,0,406.503954876977,-1.1635400000000002,186.45274799999999,0.5045196323684782,0.06662225183211193,14.76,1,1
Komatose - Holiday Inn Express & Suites,https://www.zomato.com/hyderabad/komatose-holiday-inn-express-suites-gachibowli,1500,"North Indian, Chinese, Japanese, Sushi",1 PM to 11 PM,1500,North Indian,komatose holiday inn express suites,100,0.010584,pct_negative,0.0,0,0,3.69,4,1,1,0,0,0,0,0,0,0,0,0,406.503954876977,-1.1635400000000002,186.45274799999999,0.5045196323684782,0.06662225183211193,14.76,1,1
Aromas@11SIX,https://www.zomato.com/hyderabad/aromas11six-gachibowli,750,"North Indian, Chinese, Mughlai, Biryani",11:30 AM to 12 Midnight,750,North Indian,aromas11six,100,0.0,pct_positive,0.0,0,0,3.46,4,1,1,0,1,0,0,0,0,0,0,0,216.76294313209735,-0.96,173.0,0.5225475766660783,0.13315579227696406,13.84,2,1
Aromas@11SIX,https://www.zomato.com/hyderabad/aromas11six-gachibowli,750,"North Indian, Chinese, Mughlai, Biryani",11:30 AM to 12 Midnight,750,North Indian,aromas11six,100,0.0,pct_negative,0.0,0,0,3.46,4,1,1,0,1,0,0,0,0,0,0,0,216.76294313209735,-0.96,173.0,0.5225475766660783,0.13315579227696406,13.84,2,1
Yum Yum Tree - The Arabian Food Court,https://www.zomato.com/hyderabad/yum-yum-tree-the-arabian-food-court-gachibowli,1200,"North Indian, Hyderabadi",12 Noon to 12 Midnight,1200,North Indian,yum yum tree the arabian food court,100,-0.0010450000000000004,pct_positive,0.01,0,0,3.56,2,1,0,0,0,0,0,0,0,0,0,0,337.07855700040534,-1.0626124999999997,177.81399000000002,0.5020511594807706,0.08326394671107411,7.12,4,1
Yum Yum Tree - The Arabian Food Court,https://www.zomato.com/hyderabad/yum-yum-tree-the-arabian-food-court-gachibowli,1200,"North Indian, Hyderabadi",12 Noon to 12 Midnight,1200,North Indian,yum yum tree the arabian food court,100,-0.0010450000000000004,pct_negative,0.02,0,0,3.56,2,1,0,0,0,0,0,0,0,0,0,0,337.07855700040534,-1.0626124999999997,177.81399000000002,0.5020511594807706,0.08326394671107411,7.12,4,1
The Tilt Bar Republic,https://www.zomato.com/thetiltbarrepublic,1500,"North Indian, Continental, Italian",12noon to 12midnight (Mon-Sun),1500,North Indian,the tilt bar republic,100,0.007837,pct_positive,0.02,0,0,3.845,3,1,0,1,0,0,1,0,0,0,0,0,390.1169336496921,-1.3254074999999998,193.75666325000003,0.5257121914517069,0.06662225183211193,11.535,1,1
The Tilt Bar Republic,https://www.zomato.com/thetiltbarrepublic,1500,"North Indian, Continental, Italian",12noon to 12midnight (Mon-Sun),1500,North Indian,the tilt bar republic,100,0.007837,pct_negative,0.0,0,0,3.845,3,1,0,1,0,0,1,0,0,0,0,0,390.1169336496921,-1.3254074999999998,193.75666325000003,0.5257121914517069,0.06662225183211193,11.535,1,1
The Indi Grill,https://www.zomato.com/hyderabad/the-indi-grill-gachibowli,1500,"BBQ, Asian, Modern Indian",12noon to 11pm (Mon-Sun),1500,BBQ,the indi grill,100,0.0,pct_positive,0.0,0,0,4.6,3,0,0,0,0,1,0,0,0,0,0,0,326.08688563328576,-2.0999999999999996,229.99999999999997,0.6289404631151759,0.06662225183211193,13.799999999999999,4,2
The Indi Grill,https://www.zomato.com/hyderabad/the-indi-grill-gachibowli,1500,"BBQ, Asian, Modern Indian",12noon to 11pm (Mon-Sun),1500,BBQ,the indi grill,100,0.0,pct_negative,0.0,0,0,4.6,3,0,0,0,0,1,0,0,0,0,0,0,326.08688563328576,-2.0999999999999996,229.99999999999997,0.6289404631151759,0.06662225183211193,13.799999999999999,4,2
Urban Asia - Kitchen & Bar,https://www.zomato.com/hyderabad/urban-asia-kitchen-bar-gachibowli,1100,"Asian, Thai, Chinese, Sushi, Momos","12 Noon to 3 PM, 7 PM to 11 PM",1100,Asian,urban asia kitchen bar,100,0.0025369999999999998,pct_positive,0.02,0,0,3.65,5,0,1,0,0,1,0,0,0,0,0,0,301.3697804466355,-1.1436574999999998,182.96300250000002,0.5211326323622443,0.09082652134423251,18.25,1,1
Urban Asia - Kitchen & Bar,https://www.zomato.com/hyderabad/urban-asia-kitchen-bar-gachibowli,1100,"Asian, Thai, Chinese, Sushi, Momos","12 Noon to 3 PM, 7 PM to 11 PM",1100,Asian,urban asia kitchen bar,100,0.0025369999999999998,pct_negative,0.02,0,0,3.65,5,0,1,0,0,1,0,0,0,0,0,0,301.3697804466355,-1.1436574999999998,182.96300250000002,0.5211326323622443,0.09082652134423251,18.25,1,1
Eat India Company,https://www.zomato.com/hyderabad/eat-india-company-gachibowli,1300,"North Indian, Mughlai, Beverages","12 Noon to 3 PM, 7 PM to 11 PM",1300,North Indian,eat india company,100,0.006625,pct_positive,0.01,0,0,3.26,3,1,0,0,0,0,0,0,0,0,0,0,398.77288381199884,-0.7434374999999998,164.07987500000002,0.45461584783429665,0.07686395080707148,9.78,2,1
Eat India Company,https://www.zomato.com/hyderabad/eat-india-company-gachibowli,1300,"North Indian, Mughlai, Beverages","12 Noon to 3 PM, 7 PM to 11 PM",1300,North Indian,eat india company,100,0.006625,pct_negative,0.0,0,0,3.26,3,1,0,0,0,0,0,0,0,0,0,0,398.77288381199884,-0.7434374999999998,164.07987500000002,0.45461584783429665,0.07686395080707148,9.78,2,1
Labonel,https://www.zomato.com/hyderabad/labonel-gachibowli,1000,"Bakery, Desserts","11 AM to 8 PM (Mon-Sat), Sun Closed",1000,Bakery,labonel,100,0.0,pct_positive,0.0,0,0,3.915,2,0,0,0,0,0,0,0,1,0,0,0,255.42777639137256,-1.415,195.75,0.5666722236327256,0.0999000999000999,7.83,4,0
Labonel,https://www.zomato.com/hyderabad/labonel-gachibowli,1000,"Bakery, Desserts","11 AM to 8 PM (Mon-Sat), Sun Closed",1000,Bakery,labonel,100,0.0,pct_negative,0.0,0,0,3.915,2,0,0,0,0,0,0,0,1,0,0,0,255.42777639137256,-1.415,195.75,0.5666722236327256,0.0999000999000999,7.83,4,0
Driven Cafe,https://www.zomato.com/hyderabad/driven-cafe-gachibowli,600,"Cafe, Fast Food, Beverages",4 AM to 12 Midnight,600,Cafe,driven cafe,100,-0.001004,pct_positive,0.01,0,0,3.745,3,0,0,0,0,0,0,1,0,0,0,0,160.2135753768824,-1.2475100000000001,187.062001,0.5852846528075125,0.16638935108153077,11.235,3,0
Driven Cafe,https://www.zomato.com/hyderabad/driven-cafe-gachibowli,600,"Cafe, Fast Food, Beverages",4 AM to 12 Midnight,600,Cafe,driven cafe,100,-0.001004,pct_negative,0.01,0,0,3.745,3,0,0,0,0,0,0,1,0,0,0,0,160.2135753768824,-1.2475100000000001,187.062001,0.5852846528075125,0.16638935108153077,11.235,3,0
Faasos,https://www.zomato.com/hyderabad/faasos-gachibowli,600,"Fast Food, Biryani, Desserts",9 AM to 1 AM,600,Fast Food,faasos,100,-0.00296,pct_positive,0.0,0,0,3.03,3,0,0,0,1,0,0,1,1,0,0,0,198.01973662714963,-0.5373999999999999,151.05156,0.47354138798578443,0.16638935108153077,9.09,3,0
Faasos,https://www.zomato.com/hyderabad/faasos-gachibowli,600,"Fast Food, Biryani, Desserts",9 AM to 1 AM,600,Fast Food,faasos,100,-0.00296,pct_negative,0.01,0,0,3.03,3,0,0,0,1,0,0,1,1,0,0,0,198.01973662714963,-0.5373999999999999,151.05156,0.47354138798578443,0.16638935108153077,9.09,3,0
Royal Spicy Restaurant,https://www.zomato.com/hyderabad/royal-spicy-restaurant-gachibowli,700,"North Indian, South Indian",10:30 AM to 11 PM,700,North Indian,royal spicy restaurant,100,-0.003612,pct_positive,0.0,0,0,3.74,2,1,0,0,0,0,0,0,0,1,0,1,187.16572535675792,-1.2490300000000003,186.324556,0.5707737394145799,0.14265335235378032,7.48,4,1
Royal Spicy Restaurant,https://www.zomato.com/hyderabad/royal-spicy-restaurant-gachibowli,700,"North Indian, South Indian",10:30 AM to 11 PM,700,North Indian,royal spicy restaurant,100,-0.003612,pct_negative,0.01,0,0,3.74,2,1,0,0,0,0,0,0,0,1,0,1,187.16572535675792,-1.2490300000000003,186.324556,0.5707737394145799,0.14265335235378032,7.48,4,1
The Old Madras Baking Company,https://www.zomato.com/hyderabad/the-old-madras-baking-company-gachibowli,350,Bakery,7 AM to 11 PM,350,Bakery,the old madras baking company,100,0.0,pct_positive,0.0,0,0,3.6161616161616164,1,0,0,0,0,0,0,0,0,0,0,0,96.78768273189779,-1.1161616161616164,180.80808080808083,0.6170095378455225,0.2849002849002849,3.6161616161616164,3,3
The Old Madras Baking Company,https://www.zomato.com/hyderabad/the-old-madras-baking-company-gachibowli,350,Bakery,7 AM to 11 PM,350,Bakery,the old madras baking company,100,0.0,pct_negative,0.0,0,0,3.6161616161616164,1,0,0,0,0,0,0,0,0,0,0,0,96.78768273189779,-1.1161616161616164,180.80808080808083,0.6170095378455225,0.2849002849002849,3.6161616161616164,3,3
Squeeze @ The Lime,https://www.zomato.com/hyderabad/squeeze-the-lime-gachibowli,650,"Italian, North Indian, Chinese, Salad","7 AM to 10:30 AM, 12:30 PM to 3:30 PM, 7 PM to 11 PM",650,Italian,squeeze the lime,100,0.0,pct_positive,0.0,0,0,3.815,4,1,1,0,0,0,1,0,0,0,0,1,170.3800339764,-1.315,190.75,0.588869913270597,0.15360983102918588,15.26,1,1
Squeeze @ The Lime,https://www.zomato.com/hyderabad/squeeze-the-lime-gachibowli,650,"Italian, North Indian, Chinese, Salad","7 AM to 10:30 AM, 12:30 PM to 3:30 PM, 7 PM to 11 PM",650,Italian,squeeze the lime,100,0.0,pct_negative,0.0,0,0,3.815,4,1,1,0,0,0,1,0,0,0,0,1,170.3800339764,-1.315,190.75,0.588869913270597,0.15360983102918588,15.26,1,1
Khaan Saab,https://www.zomato.com/hyderabad/khaan-saab-gachibowli,1100,"North Indian, Mughlai","12 Noon to 3:30 PM, 7 PM to 11:30 PM",1100,North Indian,khaan saab,100,0.004939,pct_positive,0.01,0,0,3.8,2,1,0,0,0,0,0,0,0,0,0,1,289.47360803326103,-1.2876524999999996,190.93841,0.5425490419113775,0.09082652134423251,7.6,4,3
Khaan Saab,https://www.zomato.com/hyderabad/khaan-saab-gachibowli,1100,"North Indian, Mughlai","12 Noon to 3:30 PM, 7 PM to 11:30 PM",1100,North Indian,khaan saab,100,0.004939,pct_negative,0.0,0,0,3.8,2,1,0,0,0,0,0,0,0,0,0,1,289.47360803326103,-1.2876524999999996,190.93841,0.5425490419113775,0.09082652134423251,7.6,4,3
Olive Garden,https://www.zomato.com/hyderabad/olive-garden-gachibowli,700,"North Indian, Chinese, Continental, Biryani","12 Noon to 3:30 PM, 7 PM to 11 PM",700,North Indian,olive garden,99,0.0,pct_positive,0.0,0,0,3.7676767676767677,4,1,1,1,1,0,0,0,0,0,0,0,185.79083540672195,-1.2676767676767677,186.5,0.574997582243932,0.14122681883024252,15.070707070707071,2,1
Olive Garden,https://www.zomato.com/hyderabad/olive-garden-gachibowli,700,"North Indian, Chinese, Continental, Biryani","12 Noon to 3:30 PM, 7 PM to 11 PM",700,North Indian,olive garden,99,0.0,pct_negative,0.0,0,0,3.7676767676767677,4,1,1,1,1,0,0,0,0,0,0,0,185.79083540672195,-1.2676767676767677,186.5,0.574997582243932,0.14122681883024252,15.070707070707071,2,1
Tandoori Food Works,https://www.zomato.com/hyderabad/tandoori-food-works-gachibowli,500,"North Indian, Burger, Kebab","12noon to 12midnight (Mon, Tue, Wed, Thu, Sun), 12noon to 1am (Fri-Sat)",500,North Indian,tandoori food works,100,0.008673,pct_positive,0.03,0,0,3.27,3,1,0,0,0,0,0,0,0,0,1,0,152.9051520167731,-0.7483175000000002,164.9180355,0.5260104019488943,0.1996007984031936,9.81,0,4
Tandoori Food Works,https://www.zomato.com/hyderabad/tandoori-food-works-gachibowli,500,"North Indian, Burger, Kebab","12noon to 12midnight (Mon, Tue, Wed, Thu, Sun), 12noon to 1am (Fri-Sat)",500,North Indian,tandoori food works,100,0.008673,pct_negative,0.01,0,0,3.27,3,1,0,0,0,0,0,0,0,0,1,0,152.9051520167731,-0.7483175000000002,164.9180355,0.5260104019488943,0.1996007984031936,9.81,0,4
Delhi-39,https://www.zomato.com/hyderabad/delhi-39-gachibowli,600,"North Indian, Chinese",11am to 11pm (Mon-Sun),600,North Indian,delhi39,100,0.0,pct_positive,0.0,0,0,2.975,2,1,1,0,0,0,0,0,0,0,0,0,201.68060447710772,-0.4750000000000001,148.75,0.46494575223026696,0.16638935108153077,5.95,2,3
Delhi-39,https://www.zomato.com/hyderabad/delhi-39-gachibowli,600,"North Indian, Chinese",11am to 11pm (Mon-Sun),600,North Indian,delhi39,100,0.0,pct_negative,0.0,0,0,2.975,2,1,1,0,0,0,0,0,0,0,0,0,201.68060447710772,-0.4750000000000001,148.75,0.46494575223026696,0.16638935108153077,5.95,2,3
Al Saba Restaurant,https://www.zomato.com/hyderabad/al-saba-restaurant-gachibowli,750,"North Indian, Chinese, Seafood, Biryani, Hyderabadi",6 AM to 11:30 PM,750,North Indian,al saba restaurant,99,0.0008454545454545454,pct_positive,0.010101010101010102,0,0,3.1363636363636362,5,1,1,0,1,0,0,0,0,0,0,1,239.13035853814654,-0.6342499999999998,155.38125681818184,0.47367029414029693,0.1318242343541944,15.681818181818182,2,1
Al Saba Restaurant,https://www.zomato.com/hyderabad/al-saba-restaurant-gachibowli,750,"North Indian, Chinese, Seafood, Biryani, Hyderabadi",6 AM to 11:30 PM,750,North Indian,al saba restaurant,99,0.0008454545454545454,pct_negative,0.010101010101010102,0,0,3.1363636363636362,5,1,1,0,1,0,0,0,0,0,0,1,239.13035853814654,-0.6342499999999998,155.38125681818184,0.47367029414029693,0.1318242343541944,15.681818181818182,2,1
GD's,https://www.zomato.com/hyderabad/gds-gachibowli,500,"Burger, American",11:30 AM to 5 AM,500,Burger,gds,100,-0.0007240000000000003,pct_positive,0.01,0,0,3.96,2,0,0,0,0,0,0,0,0,0,0,0,126.26259437813273,-1.4618099999999998,197.856648,0.6370034225436151,0.1996007984031936,7.92,4,3
GD's,https://www.zomato.com/hyderabad/gds-gachibowli,500,"Burger, American",11:30 AM to 5 AM,500,Burger,gds,100,-0.0007240000000000003,pct_negative,0.01,0,0,3.96,2,0,0,0,0,0,0,0,0,0,0,0,126.26259437813273,-1.4618099999999998,197.856648,0.6370034225436151,0.1996007984031936,7.92,4,3
T Grill,https://www.zomato.com/hyderabad/t-grill-gachibowli,700,"North Indian, Andhra, Biryani, Chinese","12:30 PM to 3:30 PM, 7 PM to 11 PM",700,North Indian,t grill,100,0.0063690000000000005,pct_positive,0.01,0,0,3.17,4,1,1,0,1,0,0,0,0,0,0,1,220.8201196151042,-0.6540774999999996,159.5094865,0.4837841588086145,0.14265335235378032,12.68,2,1
T Grill,https://www.zomato.com/hyderabad/t-grill-gachibowli,700,"North Indian, Andhra, Biryani, Chinese","12:30 PM to 3:30 PM, 7 PM to 11 PM",700,North Indian,t grill,100,0.0063690000000000005,pct_negative,0.0,0,0,3.17,4,1,1,0,1,0,0,0,0,0,0,1,220.8201196151042,-0.6540774999999996,159.5094865,0.4837841588086145,0.14265335235378032,12.68,2,1
Momos Delight,https://www.zomato.com/hyderabad/momos-delight-gachibowli,200,Momos,6pm to 2am (Mon-Sun),200,Momos,momos delight,100,0.005859,pct_positive,0.01,0,0,3.725,1,0,0,0,0,0,0,0,0,0,0,0,53.69126075402396,-1.2103525,187.34123875,0.7023920672460868,0.4975124378109453,3.725,3,3
Momos Delight,https://www.zomato.com/hyderabad/momos-delight-gachibowli,200,Momos,6pm to 2am (Mon-Sun),200,Momos,momos delight,100,0.005859,pct_negative,0.0,0,0,3.725,1,0,0,0,0,0,0,0,0,0,0,0,53.69126075402396,-1.2103525,187.34123875,0.7023920672460868,0.4975124378109453,3.725,3,3
The Chocolate Room,https://www.zomato.com/hyderabad/the-chocolate-room-gachibowli,600,"Cafe, Desserts",10 AM to 12 Midnight,600,Cafe,the chocolate room,100,0.003612,pct_positive,0.01,0,0,2.83,2,0,0,0,0,0,0,0,1,0,0,0,212.0140593589896,-0.32097,142.011098,0.44228453069299345,0.16638935108153077,5.66,3,3
The Chocolate Room,https://www.zomato.com/hyderabad/the-chocolate-room-gachibowli,600,"Cafe, Desserts",10 AM to 12 Midnight,600,Cafe,the chocolate room,100,0.003612,pct_negative,0.0,0,0,2.83,2,0,0,0,0,0,0,0,1,0,0,0,212.0140593589896,-0.32097,142.011098,0.44228453069299345,0.16638935108153077,5.66,3,3
American Wild Wings,https://www.zomato.com/hyderabad/american-wild-wings-gachibowli,600,"American, Fast Food, Salad, Burger",12 Noon to 4 AM,600,American,american wild wings,77,0.0,pct_positive,0.0,0,0,3.9740259740259742,4,0,0,0,0,0,0,1,0,0,0,0,150.98035416507426,-1.4740259740259742,153.0,0.6210778137398743,0.1281198003327787,15.896103896103897,4,0
American Wild Wings,https://www.zomato.com/hyderabad/american-wild-wings-gachibowli,600,"American, Fast Food, Salad, Burger",12 Noon to 4 AM,600,American,american wild wings,77,0.0,pct_negative,0.0,0,0,3.9740259740259742,4,0,0,0,0,0,0,1,0,0,0,0,150.98035416507426,-1.4740259740259742,153.0,0.6210778137398743,0.1281198003327787,15.896103896103897,4,0
Domino's Pizza,https://www.zomato.com/hyderabad/dominos-pizza-4-gachibowli,400,"Fast Food, Pizza",11 AM to 11 PM,400,Fast Food,dominos pizza,99,0.0,pct_positive,0.0,0,0,3.0707070707070705,2,0,0,0,0,0,0,1,0,0,0,0,130.2631154735249,-0.5707070707070705,152.0,0.51230001988633,0.24688279301745636,6.141414141414141,3,3
Domino's Pizza,https://www.zomato.com/hyderabad/dominos-pizza-4-gachibowli,400,"Fast Food, Pizza",11 AM to 11 PM,400,Fast Food,dominos pizza,99,0.0,pct_negative,0.0,0,0,3.0707070707070705,2,0,0,0,0,0,0,1,0,0,0,0,130.2631154735249,-0.5707070707070705,152.0,0.51230001988633,0.24688279301745636,6.141414141414141,3,3
Mohammedia Shawarma,https://www.zomato.com/hyderabad/mohammedia-shawarma-gachibowli,150,"Street Food, Arabian",1 PM to 1 AM,150,Street Food,mohammedia shawarma,100,0.0,pct_positive,0.0,0,0,2.99,2,0,0,0,0,0,0,0,0,0,0,0,50.16720730193735,-0.4900000000000002,149.5,0.5959403304795103,0.6622516556291391,5.98,3,3
Mohammedia Shawarma,https://www.zomato.com/hyderabad/mohammedia-shawarma-gachibowli,150,"Street Food, Arabian",1 PM to 1 AM,150,Street Food,mohammedia shawarma,100,0.0,pct_negative,0.0,0,0,2.99,2,0,0,0,0,0,0,0,0,0,0,0,50.16720730193735,-0.4900000000000002,149.5,0.5959403304795103,0.6622516556291391,5.98,3,3
Arena Eleven,https://www.zomato.com/hyderabad/arena-eleven-gachibowli,1600,Continental,12 Noon to 12 Midnight,1600,Continental,arena eleven,85,0.006892941176470588,pct_positive,0.011764705882352941,0,0,4.117647058823529,1,0,0,1,0,0,0,0,0,0,0,0,388.5713342041046,-1.6004147058823524,176.20626470588235,0.5580689024754248,0.05309181761399125,4.117647058823529,4,0
Arena Eleven,https://www.zomato.com/hyderabad/arena-eleven-gachibowli,1600,Continental,12 Noon to 12 Midnight,1600,Continental,arena eleven,85,0.006892941176470588,pct_negative,0.0,0,0,4.117647058823529,1,0,0,1,0,0,0,0,0,0,0,0,388.5713342041046,-1.6004147058823524,176.20626470588235,0.5580689024754248,0.05309181761399125,4.117647058823529,4,0
Cascade - Radisson Hyderabad Hitec City,https://www.zomato.com/hyderabad/cascade-radisson-hyderabad-hitec-city-gachibowli,1800,"North Indian, Italian, Continental, Asian",24 Hours,1800,North Indian,cascade radisson hyderabad hitec city,100,-0.008016,pct_positive,0.0,0,0,4.26,4,1,0,1,0,1,1,0,0,0,0,0,422.5351120809596,-1.7800399999999996,211.29259199999998,0.5682956391229156,0.0555247084952804,17.04,1,2
Cascade - Radisson Hyderabad Hitec City,https://www.zomato.com/hyderabad/cascade-radisson-hyderabad-hitec-city-gachibowli,1800,"North Indian, Italian, Continental, Asian",24 Hours,1800,North Indian,cascade radisson hyderabad hitec city,100,-0.008016,pct_negative,0.02,0,0,4.26,4,1,0,1,0,1,1,0,0,0,0,0,422.5351120809596,-1.7800399999999996,211.29259199999998,0.5682956391229156,0.0555247084952804,17.04,1,2
Collage - Hyatt Hyderabad Gachibowli,https://www.zomato.com/hyderabad/collage-hyatt-hyderabad-gachibowli-gachibowli,2800,"Continental, Italian, North Indian, Chinese, Asian",24 Hours (Mon-Sun),2800,Continental,collage hyatt hyderabad gachibowli,100,0.006561,pct_positive,0.02,0,0,3.41,5,1,1,1,0,1,1,0,0,0,0,0,821.1141287055341,-0.8935975000000003,171.6186505,0.42959370094041227,0.03570153516601214,17.05,1,2
Collage - Hyatt Hyderabad Gachibowli,https://www.zomato.com/hyderabad/collage-hyatt-hyderabad-gachibowli-gachibowli,2800,"Continental, Italian, North Indian, Chinese, Asian",24 Hours (Mon-Sun),2800,Continental,collage hyatt hyderabad gachibowli,100,0.006561,pct_negative,0.01,0,0,3.41,5,1,1,1,0,1,1,0,0,0,0,0,821.1141287055341,-0.8935975000000003,171.6186505,0.42959370094041227,0.03570153516601214,17.05,1,2
Zing's Northeast Kitchen,https://www.zomato.com/hyderabad/zings-northeast-kitchen-gachibowli,550,"North Eastern, Momos","11:30 AM to 4 PM, 7 PM to 11 PM",550,North Eastern,zings northeast kitchen,100,0.010339000000000001,pct_positive,0.02,0,0,3.65,2,0,0,0,0,0,0,0,0,0,0,1,150.68489022331775,-1.1241524999999997,184.38686750000002,0.5782878292698785,0.18148820326678766,7.3,4,3
Zing's Northeast Kitchen,https://www.zomato.com/hyderabad/zings-northeast-kitchen-gachibowli,550,"North Eastern, Momos","11:30 AM to 4 PM, 7 PM to 11 PM",550,North Eastern,zings northeast kitchen,100,0.010339000000000001,pct_negative,0.0,0,0,3.65,2,0,0,0,0,0,0,0,0,0,0,1,150.68489022331775,-1.1241524999999997,184.38686750000002,0.5782878292698785,0.18148820326678766,7.3,4,3
Dunkin' Donuts,https://www.zomato.com/hyderabad/dunkin-donuts-gachibowli,550,"Desserts, Cafe, Beverages, Burger, Fast Food",10 AM to 11 PM,550,Desserts,dunkin donuts,100,0.003612,pct_positive,0.01,0,0,3.095,5,0,0,0,0,0,0,1,1,0,0,0,177.70591996577704,-0.5859700000000001,155.308957,0.49035639221651356,0.18148820326678766,15.475000000000001,3,0
Dunkin' Donuts,https://www.zomato.com/hyderabad/dunkin-donuts-gachibowli,550,"Desserts, Cafe, Beverages, Burger, Fast Food",10 AM to 11 PM,550,Desserts,dunkin donuts,100,0.003612,pct_negative,0.0,0,0,3.095,5,0,0,0,0,0,0,1,1,0,0,0,177.70591996577704,-0.5859700000000001,155.308957,0.49035639221651356,0.18148820326678766,15.475000000000001,3,0
Desi Bytes,https://www.zomato.com/hyderabad/desi-bytes-gachibowli,400,"North Indian, Chinese","1 PM to 2 AM (Mon, Wed-Sun), Tue Closed",400,North Indian,desi bytes,100,0.0,pct_positive,0.0,0,0,2.9,2,1,1,0,0,0,0,0,0,0,0,0,137.93098692034934,-0.3999999999999999,145.0,0.4838201832544913,0.24937655860349128,5.8,2,3
Desi Bytes,https://www.zomato.com/hyderabad/desi-bytes-gachibowli,400,"North Indian, Chinese","1 PM to 2 AM (Mon, Wed-Sun), Tue Closed",400,North Indian,desi bytes,100,0.0,pct_negative,0.0,0,0,2.9,2,1,1,0,0,0,0,0,0,0,0,0,137.93098692034934,-0.3999999999999999,145.0,0.4838201832544913,0.24937655860349128,5.8,2,3
Hyderabadi Daawat,https://www.zomato.com/hyderabad/hyderabadi-daawat-1-gachibowli,600,"Hyderabadi, Chinese, Mughlai",12:30pm to 11:30pm (Mon-Sun),600,Hyderabadi,hyderabadi daawat,100,0.0006520000000000003,pct_positive,0.01,0,0,3.83,3,0,1,0,0,0,0,0,0,0,0,1,156.65792254362336,-1.3283699999999996,191.62485800000002,0.5985688171569487,0.16638935108153077,11.49,4,3
Hyderabadi Daawat,https://www.zomato.com/hyderabad/hyderabadi-daawat-1-gachibowli,600,"Hyderabadi, Chinese, Mughlai",12:30pm to 11:30pm (Mon-Sun),600,Hyderabadi,hyderabadi daawat,100,0.0006520000000000003,pct_negative,0.01,0,0,3.83,3,0,1,0,0,0,0,0,0,0,0,1,156.65792254362336,-1.3283699999999996,191.62485800000002,0.5985688171569487,0.16638935108153077,11.49,4,3
Zega - Sheraton Hyderabad Hotel,https://www.zomato.com/hyderabad/zega-sheraton-hyderabad-hotel-gachibowli,1750,"Asian, Sushi",12Noon to 2AM (Mon-Sun),1750,Asian,zega sheraton hyderabad hotel,100,0.0,pct_positive,0.0,0,0,4.45,2,0,0,0,0,1,0,0,0,0,0,0,393.2583385936318,-1.9500000000000002,222.5,0.5958802580573286,0.05711022272986865,8.9,4,2
Zega - Sheraton Hyderabad Hotel,https://www.zomato.com/hyderabad/zega-sheraton-hyderabad-hotel-gachibowli,1750,"Asian, Sushi",12Noon to 2AM (Mon-Sun),1750,Asian,zega sheraton hyderabad hotel,100,0.0,pct_negative,0.0,0,0,4.45,2,0,0,0,0,1,0,0,0,0,0,0,393.2583385936318,-1.9500000000000002,222.5,0.5958802580573286,0.05711022272986865,8.9,4,2
Triptify,https://www.zomato.com/hyderabad/triptify-gachibowli,400,North Indian,11 AM to 11 PM,400,North Indian,triptify,100,0.0,pct_positive,0.0,0,0,3.55,1,1,0,0,0,0,0,0,0,0,0,0,112.67602459830293,-1.0499999999999998,177.5,0.5922626381218773,0.24937655860349128,3.55,3,3
Triptify,https://www.zomato.com/hyderabad/triptify-gachibowli,400,North Indian,11 AM to 11 PM,400,North Indian,triptify,100,0.0,pct_negative,0.0,0,0,3.55,1,1,0,0,0,0,0,0,0,0,0,0,112.67602459830293,-1.0499999999999998,177.5,0.5922626381218773,0.24937655860349128,3.55,3,3
Chinese Pavilion,https://www.zomato.com/hyderabad/chinese-pavilion-gachibowli,1000,"Chinese, Seafood","12 Noon to 3:30 PM, 7 PM to 11 PM",1000,Chinese,chinese pavilion,100,0.0009199999999999997,pct_positive,0.01,0,0,3.745,2,0,1,0,0,0,0,0,0,0,0,0,267.02262562813735,-1.2427000000000001,187.42227,0.5420657669232586,0.0999000999000999,7.49,4,3
Chinese Pavilion,https://www.zomato.com/hyderabad/chinese-pavilion-gachibowli,1000,"Chinese, Seafood","12 Noon to 3:30 PM, 7 PM to 11 PM",1000,Chinese,chinese pavilion,100,0.0009199999999999997,pct_negative,0.01,0,0,3.745,2,0,1,0,0,0,0,0,0,0,0,0,267.02262562813735,-1.2427000000000001,187.42227,0.5420657669232586,0.0999000999000999,7.49,4,3
